Ürün Adı,Fiyat,Link,Özellikler
pasyone,499 TL,https://www.trendyol.com/pasyone/gunluk-sneaker-ayakkabi-p-779240525?boutiqueId=61&merchantId=325246,"{'Bağlama Şekli': 'Bağcıklı', 'Taban Teknolojisi': 'Termo Taban', 'Materyal': 'Tekstil', 'Dış Materyal': 'Suni Deri', 'Kullanım Alanı': 'Günlük', 'Taban Tipi': 'Düz Taban', 'Renk': 'Bej', 'Topuk Boyu': 'Kısa Topuklu (1- 4 cm)', 'Persona': 'None Persona', 'Topuk Tipi': 'Düz Topuklu', 'Ortam': 'Casual/Günlük', 'Desen': 'Düz'}"

Alessia Shoes,"399,99 TL",https://www.trendyol.com/alessia-shoes/siyah-parlak-postal-kadin-bot-p-157208645?boutiqueId=61&merchantId=907636,"{'Topuk Tipi': 'Kalın Topuklu', 'Bağlama Şekli': 'Bağcıklı', 'Renk': 'Siyah', 'Kalıp': 'Regular'}"

Afilli,285 TL,https://www.trendyol.com/afilli/kadin-siyah-gunluk-spor-ayakkabi-anne-bagciksiz-rahat-hafif-memory-p-95745679?boutiqueId=61&merchantId=431697,"{'Bağlama Şekli': 'Bağcıksız', 'Kullanım Alanı': 'Günlük', 'Renk': 'Siyah', 'Topuk Boyu': 'Kısa Topuklu (1- 4 cm)', 'Ortam': 'Günlük'}"

Weynes,"499,99 TL",https://www.trendyol.com/weynes/kadin-fermuarli-fileli-gunluk-sneaker-spor-ayakkabi-wsb0460-p-696766991?boutiqueId=61&merchantId=119576&advertItems=eyJhZHZlcnRJZCI6ImZkNTAzOTk3LTEyNWItNDMyYS1hOTFhLTlkMzQ1ZWZkMDU1YyIsInNvcnRpbmdTY29yZSI6MC4wMjg3MjM5MDA1NTk0NDA4NzYsImFkU2NvcmUiOjAuMDIwNDk0Nzk0NDczMDUyMDI1LCJhZFNjb3JlcyI6eyIxIjowLjAyMDQ5NDc5NDQ3MzA1MjAyNSwiMiI6MC4wMjA0OTQ3OTQ0NzMwNTIwMjV9LCJjcGMiOjEuNDAxNTIxNzY2NzY5MDcxNiwibWluQ3BjIjowLjAxLCJlQ3BjIjoxLjM5ODIxNzcwMjczNDQ4NzgsImFkdmVydFNsb3QiOjEsIm9yZGVyIjozLCJhdHRyaWJ1dGVzIjoiIn0=,"{'Dış Materyal': 'Suni Deri', 'Bağlama Şekli': 'Fermuarlı', 'Kullanım Alanı': 'Günlük', 'Taban Tipi': 'Düz Taban', 'Renk': 'Bej', 'Astar Materyali': 'Tekstil', 'İç Taban Materyali': 'Tekstil', 'Taban Materyali': 'Neolit', 'Topuk Boyu': 'Orta Topuklu (5-9 cm)', 'Ek Özellik': 'Ortopedik Taban', 'Topuk Tipi': 'Düz Topuklu', 'Desen': 'Düz', 'Deri Kalitesi': 'İmitasyon Deri', 'Kumaş Tipi': 'Kumaş'}"

Weynes,"263,87 TL",https://www.trendyol.com/weynes/kadin-siyah-suet-iki-kanca-yuksek-taban-fermuarli-bot-bootie-wsb0208-p-353765686?boutiqueId=61&merchantId=119576,"{'Topuk Boyu': 'Orta Topuklu (5-9 cm)', 'Topuk Tipi': 'Kalın Topuklu', 'Materyal': 'Su Geçirmez', 'Bağlama Şekli': 'Fermuarlı', 'Kullanım Alanı': 'Günlük', 'Renk': 'Siyah', 'Desen': 'Düz', 'Dış Materyal': 'Süet', 'Taban': 'Kauçuk', 'Kalıp': 'Regular', 'Boy / Ölçü': 'Orta', 'Taban Materyali': 'Neolit', 'İç Taban Materyali': 'Tekstil', 'Astar Materyali': 'Tekstil', 'Ek Özellik': 'Su Geçirmez', 'Ortam': 'Günlük', 'Okula Dönüş': 'Üniversite'}"

Şenpa,345 TL,https://www.trendyol.com/senpa/bej-cilt-kadin-lastikli-duz-taban-bot-bootie-p-436116585?boutiqueId=61&merchantId=126960,"{'Materyal': 'Suni Deri', 'Topuk Boyu': 'Kısa Topuklu (1- 4 cm)', 'Topuk Tipi': 'Düz Topuklu', 'Bağlama Şekli': 'Lastikli', 'Kullanım Alanı': 'Günlük', 'Renk': 'Bej', 'Dış Materyal': 'Suni Deri', 'Taban Materyali': 'Poli', 'Saya Materyali': 'Suni Deri', 'İç Taban Materyali': 'Suni Deri', 'Astar Materyali': 'Suni Deri', 'Ek Özellik': 'Ortopedik Taban', 'Ortam': 'Back to School', 'Okula Dönüş': 'Üniversite'}"

pasyone,419 TL,https://www.trendyol.com/pasyone/kadin-spor-yuksek-taban-ayakkabi-p-641745909?boutiqueId=61&merchantId=325246,"{'Bağlama Şekli': 'Bağcıklı', 'Taban Teknolojisi': 'Poliüretan Taban', 'Materyal': 'Suni Deri', 'Dış Materyal': 'Suni Deri', 'Kullanım Alanı': 'Günlük', 'Taban Tipi': 'Düz Taban', 'Renk': 'Siyah', 'Saya Materyali': 'Suni Deri', 'İç Taban Materyali': 'Tekstil', 'Taban Materyali': 'Poli', 'Topuk Boyu': 'Orta Topuklu (5-9 cm)', 'Persona': 'None Persona', 'Topuk Tipi': 'Düz Topuklu', 'Ortam': 'Sportswear', 'Desen': 'Desenli'}"

Rimex,"499,99 TL",https://www.trendyol.com/rimex/unisex-n-siyah-gunluk-rahat-spor-ayakkabi-rm0520-p-750853618?boutiqueId=61&merchantId=458155&advertItems=eyJhZHZlcnRJZCI6ImIyODk1MjYyLTQ0NWUtNDk1Zi1iNjQ3LTYyYTFiOWNlZjA1YSIsInNvcnRpbmdTY29yZSI6MC4wMjgyNDYyOTA1ODQzMzYxNjcsImFkU2NvcmUiOjAuMDIxMjE4MTcxMzQzMjA3MzYsImFkU2NvcmVzIjp7IjEiOjAuMDIxMjE4MTcxMzQzMjA3MzYsIjIiOjAuMDIxMjE4MTcxMzQzMjA3MzZ9LCJjcGMiOjEuMzMxMjMxMTQ3NDY1NDM2MSwibWluQ3BjIjowLjAxLCJlQ3BjIjoxLjI2NzIyMjkyNzE1MzMxODIsImFkdmVydFNsb3QiOjIsIm9yZGVyIjo3LCJhdHRyaWJ1dGVzIjoiIn0=,"{'Kullanım Alanı': 'Günlük', 'Renk': 'Siyah', 'Topuk Boyu': 'Kısa Topuklu (1- 4 cm)'}"

baytarzıN,339 TL,https://www.trendyol.com/baytarzin/unisex-beyaz-siyah-sneaker-spor-ayakkabi-yuruyus-gunluk-ayakkab-neo-dassler-p-731118499?boutiqueId=61&merchantId=826872,"{'Bağlama Şekli': 'Bağcıklı', 'Taban Teknolojisi': 'Cushioning', 'Dış Materyal': 'Suni Deri', 'Kullanım Alanı': 'Günlük', 'Taban Tipi': 'Memory Foam İç Taban', 'Renk': 'Beyaz', 'Saya Materyali': 'Suni Deri', 'Astar Materyali': 'Suni Deri', 'İç Taban Materyali': 'Suni Deri', 'Taban Materyali': 'Termoplastik', 'Topuk Boyu': 'Kısa Topuklu (1- 4 cm)', 'Persona': 'Cool & Comfort', 'Ek Özellik': 'Su Geçirmez', 'Sürdürülebilirlik Detayı': 'Organik', 'Topuk Tipi': 'Düz Topuklu', 'Ortam': 'Casual/Günlük', 'Desen': 'Düz'}"

Şenpa,358 TL,https://www.trendyol.com/senpa/siyah-cilt-kadin-okceli-duz-sivri-bot-bootie-p-151696010?boutiqueId=61&merchantId=845506,"{'Materyal': 'Suni Deri', 'Topuk Boyu': 'Orta Topuklu (5-9 cm)', 'Topuk Tipi': 'Kalın Topuklu', 'Bağlama Şekli': 'Fermuarlı', 'Kullanım Alanı': 'Günlük', 'Renk': 'Siyah', 'Dış Materyal': 'Suni Deri', 'Taban': 'Kauçuk', 'Kumaş Teknolojisi': 'Ter Tutmayan', 'Boy / Ölçü': 'Kısa', 'Taban Materyali': 'PVC', 'Saya Materyali': 'Suni Deri', 'İç Taban Materyali': 'Suni Deri', 'Astar Materyali': 'Suni Deri', 'Ek Özellik': 'Ortopedik Taban', 'Ortam': 'Casual/Günlük', 'Okula Dönüş': 'Üniversite'}"

Entella Store,649 TL,https://www.trendyol.com/entella-store/kadin-bej-kut-burun-topuklu-bot-p-760467630?boutiqueId=61&merchantId=862278,"{'Materyal': 'Suni Deri', 'Topuk Boyu': 'Orta Topuklu (5-9 cm)', 'Topuk Tipi': 'Düz Topuklu', 'Kumaş Teknolojisi': 'Suya Dayanıklı', 'Bağlama Şekli': 'Fermuarlı', 'Kullanım Alanı': 'Outdoor', 'Renk': 'Bej', 'Desen': 'Düz', 'Dış Materyal': 'Suni Deri', 'Kalıp': 'Regular', 'Boy / Ölçü': 'Orta', 'İç Taban Materyali': 'Tekstil'}"

Freemax,"749,90 TL",https://www.trendyol.com/freemax/su-gecirmez-kurklu-kislik-fermuarli-bot-kaucuk-taban-saglam-outdoor-garantili-urun-siyah-p-170576420?boutiqueId=61&merchantId=369181&advertItems=eyJhZHZlcnRJZCI6ImIzMGZhNzZmLWZhMTUtNDYyMC04YmUyLTllMmQwMWJkYmQ4YiIsInNvcnRpbmdTY29yZSI6MC4wMjY0NjM3OTAzOTIwNzM3MiwiYWRTY29yZSI6MC4wMTE3OTI4NTk5OTM4NzUwMjcsImFkU2NvcmVzIjp7IjEiOjAuMDExNzkyODU5OTkzODc1MDI3LCIyIjowLjAxMTc5Mjg1OTk5Mzg3NTAyN30sImNwYyI6Mi4yNDQwNTE5NDM3ODc4OTIsIm1pbkNwYyI6MC4wMSwiZUNwYyI6Mi4xMzcyMTI2NTA3MDE3NDE3LCJhZHZlcnRTbG90IjozLCJvcmRlciI6MTEsImF0dHJpYnV0ZXMiOiIifQ==,"{'Topuk Boyu': 'Kısa Topuklu (1- 4 cm)', 'Topuk Tipi': 'Kalın Topuklu', 'Materyal': 'Polar', 'Bağlama Şekli': 'Bağcıklı', 'Kullanım Alanı': 'Günlük', 'Renk': 'Siyah', 'Desen': 'Düz', 'Dış Materyal': 'Suni Deri', 'Taban': 'Kauçuk', 'Boy / Ölçü': 'Kısa', 'Taban Materyali': 'Kauçuk', 'Saya Materyali': 'Suni Deri', 'İç Taban Materyali': 'Tekstil', 'Astar Materyali': 'Tekstil', 'Persona': 'Young', 'Ek Özellik': 'Su Geçirmez', 'Koleksiyon': 'Unisex', 'Ortam': 'Casual/Günlük', 'Ürün Detayı': 'Suni Deri', 'Materyal Bileşeni': '%80 Suni Deri, %20 Kürk'}"

Pull & Bear,790 TL,https://www.trendyol.com/pull-bear/kalin-tabanli-denim-spor-ayakkabi-p-752372924?boutiqueId=61&merchantId=112044,"{'Bağlama Şekli': 'Bağcıklı', 'Materyal': 'Poliüretan', 'Kullanım Alanı': 'Spor', 'Taban Tipi': 'Kalın Taban', 'Renk': 'Lacivert', 'Astar Materyali': 'Tekstil', 'Topuk Boyu': 'Orta Topuklu (5-9 cm)', 'Ortam': 'Casual/Günlük', 'Desen': 'Renk Bloklu', 'Deri Kalitesi': 'İmitasyon Deri'}"

selinshoes,620 TL,https://www.trendyol.com/selinshoes/kisa-topuklu-strec-bot-siyah-p-777272863?boutiqueId=61&merchantId=870510,"{'Topuk Boyu': 'Orta Topuklu (5-9 cm)', 'Topuk Tipi': 'Kalın Topuklu', 'Renk': 'Siyah'}"

Lumberjack,799 TL,https://www.trendyol.com/lumberjack/finster-wmn-3pr-beyaz-kadin-sneaker-p-747148614?boutiqueId=61&merchantId=265447,"{'Bağlama Şekli': 'Bağcıklı', 'Renk': 'Beyaz', 'Topuk Boyu': 'Kısa Topuklu (1- 4 cm)', 'Topuk Tipi': 'Düz Topuklu', 'Ortam': 'Casual/Günlük'}"

Rimex,"324,37 TL",https://www.trendyol.com/rimex/kadin-n-sari-gunluk-rahat-spor-ayakkabi-rm0520-p-750853621?boutiqueId=61&merchantId=458155&advertItems=eyJhZHZlcnRJZCI6ImIyODk1MjYyLTQ0NWUtNDk1Zi1iNjQ3LTYyYTFiOWNlZjA1YSIsInNvcnRpbmdTY29yZSI6MC4wMjQ5Njc5OTE2MDU1OTMzMDcsImFkU2NvcmUiOjAuMDE4NzU1NTY0NDY2MTE4ODEzLCJhZFNjb3JlcyI6eyIxIjowLjAxODc1NTU2NDQ2NjExODgxMywiMiI6MC4wMTg3NTU1NjQ0NjYxMTg4MTN9LCJjcGMiOjEuMzMxMjMxMTQ3NDY1NDM2MSwibWluQ3BjIjowLjAxLCJlQ3BjIjoxLjMzMTIzMTE0NzQ2NTQzNjEsImFkdmVydFNsb3QiOjQsIm9yZGVyIjoxNSwiYXR0cmlidXRlcyI6IiJ9,"{'Kullanım Alanı': 'Günlük', 'Renk': 'Turuncu', 'Topuk Boyu': 'Kısa Topuklu (1- 4 cm)'}"

SOHO,"339,99 TL",https://www.trendyol.com/soho/beyaz-kadin-sneaker-15732-p-71255458?boutiqueId=619798&merchantId=968,"{'Bağlama Şekli': 'Bantlı', 'Materyal': 'Suni Deri', 'Dış Materyal': 'Süet', 'Renk': 'Beyaz', 'Topuk Boyu': 'Kısa Topuklu (1- 4 cm)', 'Topuk Tipi': 'Düz Topuklu', 'Ortam': 'Casual/Günlük', 'Desen': 'Düz', 'Materyal Bileşeni': '100% Suni Deri'}"

Vans,1.904 TL,https://www.trendyol.com/vans/wm-ward-kadin-siyah-sneaker-p-31907009?boutiqueId=61&merchantId=107283,"{'Bağlama Şekli': 'Bağcıklı', 'Materyal': 'Tekstil', 'Dış Materyal': 'Tekstil', 'Taban Tipi': 'Düz Taban', 'Kullanım Alanı': 'Spor', 'Renk': 'Siyah', 'Persona': 'Cool & Comfort', 'Topuk Tipi': 'Düz Topuklu', 'Materyal Bileşeni': '%92 Pamuk, %8 Elastan'}"

İnan Ayakkabı,438 TL,https://www.trendyol.com/inan-ayakkabi/kadin-bot-siyah-taban-5-cm-p-124624819?boutiqueId=620097&merchantId=968,"{'Materyal': 'Suni Deri', 'Topuk Boyu': 'Kısa Topuklu (1- 4 cm)', 'Topuk Tipi': 'Düz Topuklu', 'Bağlama Şekli': 'Bağcıklı', 'Renk': 'Siyah', 'Dış Materyal': 'Suni Deri'}"

Sicilia outdoors,"299,95 TL",https://www.trendyol.com/sicilia-outdoors/gri-kadin-fileli-sneaker-gunluk-ayakkabi-p-314608307?boutiqueId=61&merchantId=564522&advertItems=eyJhZHZlcnRJZCI6ImZmNWQ3NmY0LTA5ZWQtNDBkNi1hYzFjLWQ5NTAyNjcyMzRhZiIsInNvcnRpbmdTY29yZSI6MC4wMjQ3Mzk0OTc0NjAxNDI0MywiYWRTY29yZSI6MC4wMTk2MTk4NzY1MTg4NDU1NTgsImFkU2NvcmVzIjp7IjEiOjAuMDE5NjE5ODc2NTE4ODQ1NTU4LCIyIjowLjAxOTYxOTg3NjUxODg0NTU1OH0sImNwYyI6MS4yNjA5NDA1MjgxNjE4MDA3LCJtaW5DcGMiOjAuMDEsImVDcGMiOjEuMDgwODg1NjM5MzUzNjU0MSwiYWR2ZXJ0U2xvdCI6NSwib3JkZXIiOjE5LCJhdHRyaWJ1dGVzIjoiIn0=,"{'Bağlama Şekli': 'Bağcıklı', 'Taban Teknolojisi': 'Termo Taban', 'Materyal': 'Tekstil', 'Dış Materyal': 'Tekstil', 'Kullanım Alanı': 'Outdoor', 'Taban Tipi': 'Düz Taban', 'Renk': 'Gri', 'Saya Materyali': 'Suni Deri', 'Astar Materyali': 'Tekstil', 'İç Taban Materyali': 'Tekstil', 'Taban Materyali': 'Termoplastik', 'Topuk Boyu': 'Kısa Topuklu (1- 4 cm)', 'Ek Özellik': 'Ek Özellik Mevcut Değil', 'Topuk Tipi': 'Düz Topuklu', 'Ortam': 'Sportswear'}"

HUMMEL,"909,99 TL",https://www.trendyol.com/hummel/900238-9085-acne-unisex-gunluk-spor-ayakkabi-p-465110706?boutiqueId=61&merchantId=109687,"{'Kullanım Alanı': 'Günlük', 'Renk': 'Beyaz'}"

RİVOLİ,345 TL,https://www.trendyol.com/rivoli/006-yuksek-tabanli-spor-ayakkabi-p-653153602?boutiqueId=61&merchantId=826737,"{'Bağlama Şekli': 'Bağcıklı', 'Taban Teknolojisi': 'Poliüretan Taban', 'Materyal': 'Suni Deri', 'Dış Materyal': 'Suni Deri', 'Taban Tipi': 'Kalın Taban', 'Kullanım Alanı': 'Günlük', 'Renk': 'Siyah', 'Topuk Boyu': 'Orta Topuklu (5-9 cm)', 'Topuk Tipi': 'Kalın Topuklu', 'Desen': 'Düz'}"

FUNB,128 TL,https://www.trendyol.com/funb/105-kadin-sneaker-siyah-p-461985957?boutiqueId=61&merchantId=259626,"{'Renk': 'Siyah', 'Topuk Boyu': 'Kısa Topuklu (1- 4 cm)'}"

ÜNAL ÖZER,790 TL,https://www.trendyol.com/unal-ozer/kadin-gunluk-bot-un001-006-taba-cilt-38-p-675003455?boutiqueId=61&merchantId=234167&advertItems=eyJhZHZlcnRJZCI6IjQ5NDA5MTM1LWJjMDAtNGU5Ny04OTdjLWI2OTZlNTQ2MjI2OSIsInNvcnRpbmdTY29yZSI6MC4wMjA4MTQ0NDUxMzc5Nzc2MDIsImFkU2NvcmUiOjAuMDE3NTIwNTc2NzE1NDY5MzYsImFkU2NvcmVzIjp7IjEiOjAuMDE3NTIwNTc2NzE1NDY5MzYsIjIiOjAuMDE3NTIwNTc2NzE1NDY5MzZ9LCJjcGMiOjEuMTg4MDAwMDAwMDAwMDAwMiwibWluQ3BjIjowLjAxLCJlQ3BjIjoxLjExNTEzMDcyMTQ5MzEzNywiYWR2ZXJ0U2xvdCI6Niwib3JkZXIiOjIzLCJhdHRyaWJ1dGVzIjoiIn0=,"{'Materyal': 'Suni Deri', 'Topuk Boyu': 'Yüksek Topuklu (10 cm ve üzeri)', 'Topuk Tipi': 'Kalın Topuklu', 'Bağlama Şekli': 'Fermuarlı', 'Kullanım Alanı': 'Günlük', 'Renk': 'Kahverengi', 'Taban Materyali': 'Termoplastik', 'Saya Materyali': 'Suni Deri', 'İç Taban Materyali': 'Tekstil', 'Astar Materyali': 'Suni Deri'}"

camaiore,"499,90 TL",https://www.trendyol.com/camaiore/kadin-siyah-deri-yandan-lastikli-bot-p-756586083?boutiqueId=61&merchantId=547819,"{'Özellik': 'Gore-Tex', 'Materyal': 'Suni Deri', 'Topuk Boyu': 'Kısa Topuklu (1- 4 cm)', 'Topuk Tipi': 'Düz Topuklu', 'Kumaş Teknolojisi': 'Suya Dayanıklı', 'Bağlama Şekli': 'Lastikli', 'Kullanım Alanı': 'Outdoor', 'Renk': 'Siyah', 'Desen': 'Düz', 'Dış Materyal': 'Suni Deri', 'Taban Teknolojisi': 'Air Zoom', 'Taban': 'Kauçuk', 'İzolasyon': 'Sentetik Dolgu', 'Sürdürülebilir': 'Geri Dönüştürülmüş Metaryal', 'Kalıp': 'Regular', 'Boy / Ölçü': 'Midi', 'Taban Materyali': 'Poli', 'Saya Materyali': 'Suni Deri', 'İç Taban Materyali': 'Suni Deri', 'Astar Materyali': 'Suni Deri', 'Persona': 'Fashion Forward', 'Sürdürülebilirlik Detayı': 'Evet', 'Ek Özellik': 'Ortopedik Taban', 'Deri Kalitesi': 'İmitasyon Deri', 'Koleksiyon': 'Lisanslı', 'Ortam': 'Casual/Günlük', 'Ürün Detayı': 'Suni Deri'}"

pasyone,379 TL,https://www.trendyol.com/pasyone/mavi-kadin-spor-ayakkabi-p-141994765?boutiqueId=61&merchantId=325246,"{'Bağlama Şekli': 'Bağcıklı', 'Materyal': 'Suni Deri', 'Dış Materyal': 'Suni Deri', 'Kullanım Alanı': 'Spor', 'Taban Tipi': 'Düz Taban', 'Renk': 'Mavi', 'Topuk Boyu': 'Kısa Topuklu (1- 4 cm)', 'Ortam': 'Casual/Günlük', 'Desen': 'Çizgili'}"

Oysho,1.490 TL,https://www.trendyol.com/oysho/spor-ayakkabi-sneaker-p-639845126?boutiqueId=61&merchantId=140957,"{'Kullanım Alanı': 'Outdoor', 'Renk': 'Kahverengi', 'Topuk Boyu': 'Kısa Topuklu (1- 4 cm)', 'Desen': 'Düz Renk'}"

Dark Seer,799 TL,https://www.trendyol.com/dark-seer/kadin-beyaz-pudra-sneaker-p-35839784?boutiqueId=61&merchantId=104936&advertItems=eyJhZHZlcnRJZCI6ImE3NzdkYTM2LWE5ZDktNDYxNi04Yjk0LTgwZTZhYTM2ZjU1NiIsInNvcnRpbmdTY29yZSI6MC4wMTgwMjI0MTY1OTE2NDQyOSwiYWRTY29yZSI6MC4wMjU2MDAwMjM1Njc2NzY1NDQsImFkU2NvcmVzIjp7IjEiOjAuMDI1NjAwMDIzNTY3Njc2NTQ0LCIyIjowLjAyNTYwMDAyMzU2NzY3NjU0NH0sImNwYyI6MC43MDQwMDAwMDAwMDAwMDAxLCJtaW5DcGMiOjAuMDEsImVDcGMiOjAuNzA0MDAwMDAwMDAwMDAwMSwiYWR2ZXJ0U2xvdCI6Nywib3JkZXIiOjMsImF0dHJpYnV0ZXMiOiIifQ==,"{'Bağlama Şekli': 'Bağcıklı', 'Materyal': 'Poliüretan', 'Kullanım Alanı': 'Günlük', 'Renk': 'Beyaz', 'Topuk Boyu': 'Orta Topuklu (5-9 cm)', 'Persona': 'Cool & Comfort', 'Ek Özellik': 'Ortopedik Taban', 'Topuk Tipi': 'Düz Topuklu', 'Ortam': 'Casual/Günlük', 'Desen': 'Düz', 'Kumaş Tipi': 'Örme', 'Materyal Bileşeni': '%90 PU, %10 Suni Deri'}"

camaiore,"364,90 TL",https://www.trendyol.com/camaiore/kadin-siyah-deri-yandan-lastikli-bot-duz-ince-taban-woman-boots-p-755384181?boutiqueId=61&merchantId=547819,"{'Özellik': 'Gore-Tex', 'Materyal': 'Suni Deri', 'Topuk Boyu': 'Kısa Topuklu (1- 4 cm)', 'Topuk Tipi': 'Düz Topuklu', 'Kumaş Teknolojisi': 'Suya Dayanıklı', 'Bağlama Şekli': 'Lastikli', 'Kullanım Alanı': 'Günlük', 'Renk': 'Siyah', 'Desen': 'Düz', 'Dış Materyal': 'Suni Deri', 'Taban': 'Tekstil', 'İzolasyon': 'Sentetik Dolgu', 'Spor Türü': 'Trekking', 'Sürdürülebilir': 'Geri Dönüştürülmüş Metaryal', 'Boy / Ölçü': 'Orta', 'Taban Materyali': 'Termoplastik', 'Saya Materyali': 'Suni Deri', 'İç Taban Materyali': 'Suni Deri', 'Astar Materyali': 'Suni Deri', 'Persona': 'Fashion Forward', 'Sürdürülebilirlik Detayı': 'Evet', 'Ek Özellik': 'Ortopedik Taban', 'Deri Kalitesi': 'İmitasyon Deri', 'Koleksiyon': 'Old Skool', 'Ortam': 'Casual/Günlük', 'Ürün Detayı': 'Suni Deri'}"

BIG KING,"699,90 TL",https://www.trendyol.com/big-king/siyah-su-gecirmez-outdoor-trekking-bot-p-367861959?boutiqueId=61&merchantId=333333,"{'Topuk Boyu': 'Kısa Topuklu (1- 4 cm)', 'Topuk Tipi': 'Düz Topuklu', 'Kullanım Alanı': 'Outdoor', 'Renk': 'Siyah', 'Desen': 'Düz', 'Ek Özellik': 'Ek Özellik Mevcut Değil'}"

Moda Değirmeni,"280,50 TL",https://www.trendyol.com/moda-degirmeni/vizon-suet-kadin-bot-bg1011-116-0001-p-50712114?boutiqueId=61&merchantId=142292,"{'Materyal': 'Suni Deri', 'Topuk Boyu': 'Kısa Topuklu (1- 4 cm)', 'Topuk Tipi': 'Kalın Topuklu', 'Bağlama Şekli': 'Bağcıklı', 'Kullanım Alanı': 'Günlük', 'Renk': 'Kahverengi', 'Desen': 'Düz', 'Taban Materyali': 'PVC', 'Saya Materyali': 'Suni Deri', 'İç Taban Materyali': 'Suni Deri', 'Ek Özellik': 'Ek Özellik Mevcut Değil', 'Ortam': 'Casual/Günlük', 'Materyal Bileşeni': '%100 Suni Deri'}"

maximoda,"899,90 TL",https://www.trendyol.com/maximoda/suya-dayanikli-ve-soguk-gecirmez-4-renk-kislik-erkek-ayakkabi-p-142345952?boutiqueId=61&merchantId=108501&advertItems=eyJhZHZlcnRJZCI6ImM0OWRiODIyLTZjZjEtNGRhZi1iNGU0LWM4OTc4ODM3MDU5YyIsInNvcnRpbmdTY29yZSI6MC4wMTc1ODA2MjI4NDI1MzUzOCwiYWRTY29yZSI6MC4wMjA1NzA1Mjc3NjIxNzQ2MDYsImFkU2NvcmVzIjp7IjEiOjAuMDIwNTcwNTI3NzYyMTc0NjA2LCIyIjowLjAyMDU3MDUyNzc2MjE3NDYwNn0sImNwYyI6MC44NDcwMDAwMDAwMDAwMDAxLCJtaW5DcGMiOjAuMDEsImVDcGMiOjAuODIzNDAwODk2MTIzMDg5MiwiYWR2ZXJ0U2xvdCI6OCwib3JkZXIiOjcsImF0dHJpYnV0ZXMiOiIifQ==,"{'Renk': 'Siyah', 'Ek Özellik': 'Suya Dayanıklı'}"

eformoda by emre yılmaz,"509,90 TL",https://www.trendyol.com/eformoda-by-emre-yilmaz/siyah-cilt-kadin-tokali-fermuarli-rahat-bot-ptk013-p-763109278?boutiqueId=61&merchantId=386917,"{'Topuk Boyu': 'Kısa Topuklu (1- 4 cm)', 'Topuk Tipi': 'Kalın Topuklu', 'Bağlama Şekli': 'Fermuarlı', 'Renk': 'Siyah', 'Desen': 'Düz', 'Kalıp': 'Regular', 'Ortam': 'Casual/Günlük'}"

Hg Ayakkabı,475 TL,https://www.trendyol.com/hg-ayakkabi/wanda-krem-deri-fermuarli-tasli-kislik-bot-p-762924016?boutiqueId=61&merchantId=846252,"{'Materyal': 'Suni Deri', 'Topuk Boyu': 'Kısa Topuklu (1- 4 cm)', 'Topuk Tipi': 'Kalın Topuklu', 'Bağlama Şekli': 'Fermuarlı', 'Kullanım Alanı': 'Günlük', 'Renk': 'Bej', 'Desen': 'Düz Renk', 'Dış Materyal': 'Suni Deri', 'Kalıp': 'Regular', 'Boy / Ölçü': 'Orta', 'Taban Materyali': 'Termoplastik', 'Saya Materyali': 'Suni Deri', 'İç Taban Materyali': 'Tekstil', 'Astar Materyali': 'Tekstil', 'Persona': 'Cool & Comfort', 'Ek Özellik': 'Seamless', 'Ortam': 'Casual/Günlük'}"

Kinetix,"399,99 TL",https://www.trendyol.com/kinetix/jones-hi-pu-w-3fx-beyaz-kadin-high-sneaker-p-683260562?boutiqueId=61&merchantId=107040,"{'Bağlama Şekli': 'Bağcıklı', 'Renk': 'Beyaz', 'Topuk Boyu': 'Kısa Topuklu (1- 4 cm)', 'Topuk Tipi': 'Düz Topuklu', 'Ortam': 'Casual/Günlük', 'Desen': 'Düz', 'Materyal Bileşeni': '100%PU'}"

Rimex,"499,99 TL",https://www.trendyol.com/rimex/erkek-n-gri-gunluk-rahat-spor-ayakkabi-rm0520-p-750853606?boutiqueId=61&merchantId=458155&advertItems=eyJhZHZlcnRJZCI6ImIyODk1MjYyLTQ0NWUtNDk1Zi1iNjQ3LTYyYTFiOWNlZjA1YSIsInNvcnRpbmdTY29yZSI6MC4wMTY2NzU2NjMzMDA5NjQxODgsImFkU2NvcmUiOjAuMDEyNTI2NDk3MjQ0ODM0OSwiYWRTY29yZXMiOnsiMSI6MC4wMTI1MjY0OTcyNDQ4MzQ5LCIyIjowLjAxMjUyNjQ5NzI0NDgzNDl9LCJjcGMiOjEuMzMxMjMxMTQ3NDY1NDM2MSwibWluQ3BjIjowLjAxLCJlQ3BjIjoxLjMxNjczMzk0MDA1MzI0MywiYWR2ZXJ0U2xvdCI6OSwib3JkZXIiOjExLCJhdHRyaWJ1dGVzIjoiIn0=,"{'Kullanım Alanı': 'Günlük', 'Renk': 'Gri', 'Topuk Boyu': 'Kısa Topuklu (1- 4 cm)'}"

Marjin,"636,99 TL",https://www.trendyol.com/marjin/kadin-sneaker-yuksek-taban-bagcikli-spor-ayakkabi-azin-siyah-p-35423655?boutiqueId=61&merchantId=102,"{'Bağlama Şekli': 'Bağcıklı', 'Materyal': 'Poliüretan', 'Dış Materyal': 'Suni Deri', 'Kullanım Alanı': 'Spor', 'Taban Tipi': 'Kalın Taban', 'Renk': 'Siyah', 'Saya Materyali': 'Suni Deri', 'Astar Materyali': 'Tekstil', 'İç Taban Materyali': 'Tekstil', 'Taban Materyali': 'Poli', 'Topuk Boyu': 'Kısa Topuklu (1- 4 cm)', 'Persona': 'None Persona', 'Ek Özellik': 'Ek Özellik Mevcut Değil', 'Sürdürülebilirlik Detayı': 'Hayır', 'Topuk Tipi': 'Düz Topuklu', 'Ortam': 'Casual/Günlük', 'Koleksiyon': 'Basic', 'Desen': 'Düz', 'Deri Kalitesi': 'İmitasyon Deri', 'Materyal Bileşeni': 'NaN% undefined'}"

Papuckurdu,"599,85 TL",https://www.trendyol.com/papuckurdu/kadin-siyah-lastikli-bot-p-66309405?boutiqueId=61&merchantId=235144,"{'Özellik': 'Gore-Tex', 'Materyal': 'Suni Deri', 'Topuk Boyu': 'Kısa Topuklu (1- 4 cm)', 'Topuk Tipi': 'Kalın Topuklu', 'Kumaş Teknolojisi': 'Suya Dayanıklı', 'Bağlama Şekli': 'Bağcıksız', 'Kullanım Alanı': 'Günlük', 'Renk': 'Siyah', 'Desen': 'Hayvan Desenli', 'Dış Materyal': 'Suni Deri', 'Taban Teknolojisi': 'Su Tahliyeli', 'Taban': 'Kauçuk', 'İzolasyon': 'Sentetik Dolgu', 'Spor Türü': 'Trekking', 'Sürdürülebilir': 'Geri Dönüştürülmüş Metaryal', 'Kalıp': 'Regular', 'Boy / Ölçü': 'Orta'}"

JOSEPHWORLD,"401,32 TL",https://www.trendyol.com/josephworld/luis-toronto-002-siyah-lastikli-bot-p-411954806?boutiqueId=61&merchantId=661725,"{'Topuk Boyu': 'Kısa Topuklu (1- 4 cm)', 'Topuk Tipi': 'Kalın Topuklu', 'Bağlama Şekli': 'Lastikli', 'Kullanım Alanı': 'Günlük', 'Renk': 'Siyah', 'Dış Materyal': 'Suni Deri', 'Taban Teknolojisi': 'EVA Orta Taban', 'Kumaş Teknolojisi': 'Ultra Hafif', 'Kalıp': 'Regular', 'Taban Materyali': 'Poli', 'Astar Materyali': 'Tekstil'}"

Sicilia outdoors,"299,95 TL",https://www.trendyol.com/sicilia-outdoors/siyah-kadin-fileli-sneaker-gunluk-ayakkabi-p-314598455?boutiqueId=61&merchantId=564522&advertItems=eyJhZHZlcnRJZCI6ImZmNWQ3NmY0LTA5ZWQtNDBkNi1hYzFjLWQ5NTAyNjcyMzRhZiIsInNvcnRpbmdTY29yZSI6MC4wMTYyNDM1MzU0OTUyOTYzODcsImFkU2NvcmUiOjAuMDEyODgyMDc4OTk3NzkwODEzLCJhZFNjb3JlcyI6eyIxIjowLjAxMjg4MjA3ODk5Nzc5MDgxMywiMiI6MC4wMTI4ODIwNzg5OTc3OTA4MTN9LCJjcGMiOjEuMjYwOTQwNTI4MTYxODAwNywibWluQ3BjIjowLjAxLCJlQ3BjIjoxLjI2MDk0MDUyODE2MTgwMDcsImFkdmVydFNsb3QiOjEwLCJvcmRlciI6MTUsImF0dHJpYnV0ZXMiOiIifQ==,"{'Bağlama Şekli': 'Bağcıklı', 'Taban Teknolojisi': 'Termo Taban', 'Materyal': 'Tekstil', 'Dış Materyal': 'Tekstil', 'Kullanım Alanı': 'Outdoor', 'Taban Tipi': 'Düz Taban', 'Renk': 'Siyah', 'Saya Materyali': 'Suni Deri', 'Astar Materyali': 'Tekstil', 'İç Taban Materyali': 'Tekstil', 'Taban Materyali': 'Termoplastik', 'Topuk Boyu': 'Kısa Topuklu (1- 4 cm)', 'Ek Özellik': 'Ek Özellik Mevcut Değil', 'Topuk Tipi': 'Düz Topuklu', 'Ortam': 'Sportswear'}"

galya shoes,224 TL,https://www.trendyol.com/galya-shoes/kadin-beyaz-cirtli-spor-ayakkabi-p-455855471?boutiqueId=61&merchantId=431868,"{'Bağlama Şekli': 'Bağcıksız', 'Taban Teknolojisi': 'Kauçuk Taban', 'Materyal': 'PU', 'Dış Materyal': 'Suni Deri', 'Kullanım Alanı': 'Günlük', 'Taban Tipi': 'Kaydırmaz Taban', 'Renk': 'Beyaz', 'Saya Materyali': 'Suni Deri', 'Astar Materyali': 'Tekstil', 'İç Taban Materyali': 'Tekstil', 'Taban Materyali': 'PVC', 'Topuk Boyu': 'Kısa Topuklu (1- 4 cm)', 'Persona': 'Cool & Comfort', 'Ek Özellik': 'Ortopedik Taban', 'Sürdürülebilirlik Detayı': 'Hayır', 'Topuk Tipi': 'Dolgu Topuklu', 'Ortam': 'Casual/Günlük', 'Koleksiyon': 'SK8-HI', 'Desen': 'Düz', 'Deri Kalitesi': 'İmitasyon Deri', 'Kumaş Tipi': 'Kumaş', 'Okula Dönüş': 'Lise'}"

Gökcen,"599,99 TL",https://www.trendyol.com/gokcen/dortex-d319-ici-hakiki-topuk-jelli-deri-ortopedik-anne-ayakkabisi-p-68515024?boutiqueId=61&merchantId=109689,"{'Materyal': 'Hakiki Deri', 'Renk': 'Siyah', 'Kullanım Alanı': 'Outdoor'}"

Weynes,"299,99 TL",https://www.trendyol.com/weynes/kadin-tas-detayli-su-gecirmez-topuklu-bot-botie-wsb0286-p-365913062?boutiqueId=61&merchantId=119576,"{'Topuk Boyu': 'Orta Topuklu (5-9 cm)', 'Materyal': 'Su Geçirmez', 'Topuk Tipi': 'Kalın Topuklu', 'Kullanım Alanı': 'Outdoor', 'Bağlama Şekli': 'Fermuarlı', 'Renk': 'Siyah', 'Kalıp': 'Regular', 'Boy / Ölçü': 'Orta', 'Taban Materyali': 'Neolit', 'Okula Dönüş': 'Üniversite'}"

Dark Seer,979 TL,https://www.trendyol.com/dark-seer/ds-linda-bej-taba-kadin-sneaker-p-293117736?boutiqueId=61&merchantId=104936&advertItems=eyJhZHZlcnRJZCI6ImE3NzdkYTM2LWE5ZDktNDYxNi04Yjk0LTgwZTZhYTM2ZjU1NiIsInNvcnRpbmdTY29yZSI6MC4wMTYxMjc0OTA1MjA0NzcyOTgsImFkU2NvcmUiOjAuMDIyOTA4MzY3MjE2NTg3MDY3LCJhZFNjb3JlcyI6eyIxIjowLjAyMjkwODM2NzIxNjU4NzA2NywiMiI6MC4wMjI5MDgzNjcyMTY1ODcwNjd9LCJjcGMiOjAuNzA0MDAwMDAwMDAwMDAwMSwibWluQ3BjIjowLjAxLCJlQ3BjIjowLjcwNDAwMDAwMDAwMDAwMDEsImFkdmVydFNsb3QiOjExLCJvcmRlciI6MTksImF0dHJpYnV0ZXMiOiIifQ==,"{'Bağlama Şekli': 'Bağcıklı', 'Taban Teknolojisi': 'Eva Taban', 'Materyal': 'Suni Deri', 'Renk': 'Çok Renkli', 'Saya Materyali': 'Tekstil', 'Astar Materyali': 'Tekstil', 'İç Taban Materyali': 'Tekstil', 'Taban Materyali': 'EVA', 'Topuk Boyu': 'Orta Topuklu (5-9 cm)', 'Ek Özellik': 'Ortopedik Taban', 'Topuk Tipi': 'Düz Topuklu', 'Ortam': 'Casual/Günlük', 'Desen': 'Renk Bloklu', 'Kumaş Tipi': 'Örme', 'Materyal Bileşeni': '%10 Suni Deri, %90 PU'}"

Lumberjack,710 TL,https://www.trendyol.com/lumberjack/freya-1fx-beyaz-kadin-sneaker-ayakkabi-100785034-p-70880758?boutiqueId=61&merchantId=111084,"{'Kullanım Alanı': 'Günlük', 'Renk': 'Beyaz'}"

Gökhan Talay,849 TL,https://www.trendyol.com/gokhan-talay/mojito-strec-kadin-topuklu-bot-p-353601074?boutiqueId=61&merchantId=105023,"{'Topuk Boyu': 'Yüksek Topuklu (10 cm ve üzeri)', 'Topuk Tipi': 'İnce Topuklu', 'Renk': 'Siyah', 'Desen': 'Düz Renk'}"

LETOON,199 TL,https://www.trendyol.com/letoon/kadin-bot-ev-is-ofis-ici-sicak-rahat-giyim-ofis-comfort-p-737099327?boutiqueId=61&merchantId=4553,"{'Topuk Boyu': 'Kısa Topuklu (1- 4 cm)', 'Topuk Tipi': 'Düz Topuklu', 'Kullanım Alanı': 'Günlük', 'Renk': 'Beyaz'}"

Dark Seer,799 TL,https://www.trendyol.com/dark-seer/kadin-beyaz-pudra-sneaker-p-68329560?boutiqueId=61&merchantId=104936&advertItems=eyJhZHZlcnRJZCI6ImE3NzdkYTM2LWE5ZDktNDYxNi04Yjk0LTgwZTZhYTM2ZjU1NiIsInNvcnRpbmdTY29yZSI6MC4wMTU5OTYzMjg4MzA3MTg5OTQsImFkU2NvcmUiOjAuMDIyNzIyMDU3OTk4MTgwMzksImFkU2NvcmVzIjp7IjEiOjAuMDIyNzIyMDU3OTk4MTgwMzksIjIiOjAuMDIyNzIyMDU3OTk4MTgwMzl9LCJjcGMiOjAuNzA0MDAwMDAwMDAwMDAwMSwibWluQ3BjIjowLjAxLCJlQ3BjIjowLjcwNDAwMDAwMDAwMDAwMDEsImFkdmVydFNsb3QiOjEyLCJvcmRlciI6MjMsImF0dHJpYnV0ZXMiOiIifQ==,"{'Bağlama Şekli': 'Bağcıklı', 'Materyal': 'Poliüretan', 'Taban Tipi': 'Düz Taban', 'Renk': 'Beyaz', 'Astar Materyali': 'Tekstil', 'İç Taban Materyali': 'Tekstil', 'Taban Materyali': 'Poli', 'Topuk Boyu': 'Kısa Topuklu (1- 4 cm)', 'Ek Özellik': 'Ortopedik Taban', 'Topuk Tipi': 'Düz Topuklu', 'Ortam': 'Casual/Günlük', 'Desen': 'Renk Bloklu', 'Kumaş Tipi': 'Dokuma', 'Materyal Bileşeni': '%90 PU, %10 Suni Deri'}"

